filename,file_size,file_attributes,region_count,region_id,region_shape_attributes,region_attributes
images/Set1/IMG (1328).jpg,-1,"{}",1,0,"{""name"":""rect"",""x"":22,""y"":0,""width"":87,""height"":60}","{""Age"":""35-45"",""Weight"":""normal-healthy"",""Economy-Class"":""middle class"",""Education"":""Educated"",""Accessories"":{""Earings"":true,""Watch"":true},""Demeanour"":""Average"",""ClothingStyle"":""Average"",""ImageQuality"":""Good"",""Emotion"":""Angry/Serious""}"
images/Set1/22770_2 (3).jpg,-1,"{}",1,0,"{""name"":""rect"",""x"":122,""y"":10,""width"":31,""height"":44}","{""Age"":""35-45"",""Weight"":""slightly-overweight"",""Gender"":""male"",""Economy-Class"":""middle class"",""Education"":""Educated"",""CarryingBag"":""Daily/Office/Work Bag"",""Accessories"":{""Nothing"":true},""Demeanour"":""Average"",""Emotion"":""Neutral"",""ClothingStyle2"":""Formal/Business""}"
images/Set1/11370_1 (2).jpg,-1,"{}",1,0,"{""name"":""circle"",""cx"":413,""cy"":233,""r"":191.18}","{""Age"":""25-35"",""Weight"":""normal-healthy"",""Gender"":""male"",""Economy-Class"":""middle class"",""Education"":""Educated"",""CarryingBag"":""None"",""Accessories"":{""Cap"":true},""Footwear"":""CantSee"",""Demeanour"":""Average"",""ClothingStyle"":""Average"",""ImageQuality"":""Good"",""ClothingStyle2"":""Daily""}"
images/Set1/IMG (3912).jpg,-1,"{}",1,0,"{""name"":""circle"",""cx"":86,""cy"":26,""r"":38}","{""Age"":""25-35"",""Weight"":""normal-healthy"",""Gender"":""male"",""Economy-Class"":""middle class"",""Education"":""Educated"",""CarryingBag"":""None"",""Accessories"":{""Nothing"":true},""ClothingStyle"":""Average"",""Emotion"":""Neutral"",""ClothingStyle2"":""Formal/Business""}"
images/Set1/IMG (3207).jpg,-1,"{}",1,0,"{""name"":""rect"",""x"":39,""y"":38,""width"":73,""height"":62}","{""Age"":""25-35"",""Weight"":""normal-healthy"",""Economy-Class"":""upper class"",""Education"":""Educated"",""CarryingBag"":""Daily/Office/Work Bag"",""Accessories"":{""Nothing"":true},""Footwear"":""Fancy"",""ClothingStyle"":""Average"",""Emotion"":""Neutral"",""ClothingStyle2"":""Daily""}"
images/Set1/11880_1.jpg,-1,"{}",1,0,"{""name"":""circle"",""cx"":183,""cy"":98,""r"":76}","{""Age"":""25-35"",""Weight"":""normal-healthy"",""CarryingBag"":""None"",""Accessories"":{""Earings"":true},""Footwear"":""CantSee"",""Demeanour"":""Average"",""ClothingStyle"":""Average"",""ImageQuality"":""Average"",""Emotion"":""Neutral""}"
images/Set1/IMG (2874).jpg,-1,"{}",1,0,"{""name"":""circle"",""cx"":92,""cy"":29,""r"":32}","{""Age"":""35-45"",""Weight"":""normal-healthy"",""Gender"":""male"",""CarryingBag"":""Daily/Office/Work Bag"",""Accessories"":{""Watch"":true},""Demeanour"":""Unkept"",""ClothingStyle"":""Below Average"",""Emotion"":""Angry/Serious"",""ClothingStyle2"":""Formal/Business""}"
images/Set1/12960_3.jpg,-1,"{}",1,0,"{""name"":""rect"",""x"":48,""y"":5,""width"":78,""height"":41}","{""Age"":""25-35"",""Weight"":""normal-healthy"",""Gender"":""male"",""Accessories"":{""Nothing"":true},""Footwear"":""Fancy"",""Demeanour"":""Average"",""Emotion"":""Neutral"",""ClothingStyle2"":""Sports""}"
images/Set1/19350_3.jpg,-1,"{}",1,0,"{""name"":""circle"",""cx"":125,""cy"":29,""r"":58}","{""Age"":""25-35"",""Weight"":""normal-healthy"",""Economy-Class"":""upper class"",""Education"":""Educated"",""CarryingBag"":""Daily/Office/Work Bag"",""Accessories"":{""Nothing"":true},""Footwear"":""CantSee"",""ImageQuality"":""Average"",""Emotion"":""Angry/Serious"",""ClothingStyle2"":""Daily""}"
images/Set1/IMG (4744).jpg,-1,"{}",1,0,"{""name"":""circle"",""cx"":90,""cy"":45,""r"":68}","{""Age"":""45-55"",""Weight"":""slightly-overweight"",""Economy-Class"":""middle class"",""Education"":""Educated"",""CarryingBag"":""None"",""Accessories"":{""Earings"":true},""Footwear"":""CantSee"",""Demeanour"":""Average"",""ClothingStyle"":""Average"",""ImageQuality"":""Average"",""Emotion"":""Angry/Serious""}"
images/Set1/IMG (4161).jpg,-1,"{}",1,0,"{""name"":""circle"",""cx"":54,""cy"":30,""r"":31}","{""Age"":""35-45"",""Weight"":""slightly-overweight"",""Gender"":""male"",""Education"":""Educated"",""CarryingBag"":""None"",""Accessories"":{""Nothing"":true},""Demeanour"":""Average"",""ClothingStyle"":""Average"",""Emotion"":""Neutral"",""ClothingStyle2"":""Formal/Business""}"
images/Set1/6960_0 (2).jpg,-1,"{}",1,0,"{""name"":""circle"",""cx"":66,""cy"":40,""r"":39}","{""Age"":""25-35"",""Weight"":""normal-healthy"",""Gender"":""male"",""Economy-Class"":""middle class"",""Education"":""Educated"",""CarryingBag"":""None"",""Accessories"":{""Watch"":true},""ClothingStyle"":""Average"",""ImageQuality"":""Good"",""Emotion"":""Neutral"",""ClothingStyle2"":""Formal/Business""}"
images/Set1/16260_3.jpg,-1,"{}",1,0,"{""name"":""circle"",""cx"":43,""cy"":26,""r"":33}","{""Age"":""25-35"",""Weight"":""normal-healthy"",""Economy-Class"":""upper class"",""Education"":""Educated"",""Accessories"":{""Nothing"":true},""Footwear"":""CantSee"",""ImageQuality"":""Average"",""Emotion"":""Neutral"",""ClothingStyle2"":""Formal/Business""}"
images/Set1/6540_0 (4).jpg,-1,"{}",1,0,"{""name"":""circle"",""cx"":164,""cy"":74,""r"":54}","{""Age"":""35-45"",""Weight"":""normal-healthy"",""Economy-Class"":""middle class"",""Education"":""Educated"",""CarryingBag"":""None"",""Accessories"":{""Nothing"":true},""Footwear"":""CantSee"",""Demeanour"":""Average"",""ClothingStyle"":""Average"",""ImageQuality"":""Good"",""Emotion"":""Angry/Serious""}"
images/Set1/2970_0 (5).jpg,-1,"{}",1,0,"{""name"":""circle"",""cx"":59,""cy"":33,""r"":42}","{""Age"":""25-35"",""Weight"":""normal-healthy"",""Gender"":""male"",""Economy-Class"":""middle class"",""Education"":""Educated"",""CarryingBag"":""None"",""Accessories"":{""Sunglasses"":true},""Demeanour"":""Average"",""ClothingStyle"":""Average"",""ImageQuality"":""Average"",""Emotion"":""Angry/Serious"",""ClothingStyle2"":""Daily""}"
images/Set1/150_2.jpg,-1,"{}",1,0,"{""name"":""circle"",""cx"":150,""cy"":89,""r"":92.049}","{""Age"":""35-45"",""Weight"":""normal-healthy"",""Gender"":""male"",""Economy-Class"":""middle class"",""Education"":""Educated"",""CarryingBag"":""None"",""Accessories"":{""Nothing"":true},""Footwear"":""CantSee"",""Demeanour"":""Average"",""ClothingStyle"":""Average"",""Emotion"":""Neutral"",""ClothingStyle2"":""Formal/Business""}"
images/Set1/IMG (4809).jpg,-1,"{}",1,0,"{""name"":""circle"",""cx"":67,""cy"":64,""r"":50}","{""Age"":""35-45"",""Weight"":""normal-healthy"",""Gender"":""male"",""CarryingBag"":""None"",""Accessories"":{""Nothing"":true},""Footwear"":""CantSee"",""Demeanour"":""Average"",""ClothingStyle"":""Average"",""ImageQuality"":""Average"",""Emotion"":""Neutral"",""ClothingStyle2"":""Formal/Business""}"
images/Set1/20370_2 (3).jpg,-1,"{}",1,0,"{""name"":""circle"",""cx"":182,""cy"":64,""r"":94}","{""Age"":""25-35"",""Weight"":""normal-healthy"",""Economy-Class"":""upper class"",""Education"":""Educated"",""CarryingBag"":""Daily/Office/Work Bag"",""Accessories"":{""Nothing"":true},""Footwear"":""CantSee"",""ImageQuality"":""Average"",""Emotion"":""Neutral"",""ClothingStyle2"":""Formal/Business""}"
images/Set1/IMG (8106).jpg,-1,"{}",1,0,"{""name"":""circle"",""cx"":169,""cy"":56,""r"":79.006}","{""Age"":""25-35"",""Weight"":""normal-healthy"",""Gender"":""male"",""CarryingBag"":""None"",""Accessories"":{""Nothing"":true},""Footwear"":""CantSee"",""Demeanour"":""Unkept"",""ClothingStyle"":""Below Average"",""ImageQuality"":""Average"",""Emotion"":""Neutral"",""ClothingStyle2"":""Daily""}"
images/Set1/IMG (6761).jpg,-1,"{}",1,0,"{""name"":""circle"",""cx"":249,""cy"":105,""r"":101}","{""Age"":""35-45"",""Weight"":""normal-healthy"",""Gender"":""male"",""Economy-Class"":""middle class"",""Education"":""Educated"",""CarryingBag"":""None"",""Accessories"":{""Nothing"":true},""Footwear"":""CantSee"",""Demeanour"":""Average"",""ClothingStyle"":""Average"",""ImageQuality"":""Average"",""Emotion"":""Angry/Serious"",""ClothingStyle2"":""Formal/Business""}"
images/Set1/23100_1.jpg,-1,"{}",1,0,"{""name"":""circle"",""cx"":105,""cy"":55,""r"":50}","{""Age"":""35-45"",""Weight"":""normal-healthy"",""Gender"":""male"",""Economy-Class"":""middle class"",""Education"":""Educated"",""CarryingBag"":""None"",""Accessories"":{""Watch"":true},""Demeanour"":""Average"",""ClothingStyle"":""Average"",""ImageQuality"":""Average"",""Emotion"":""Angry/Serious"",""ClothingStyle2"":""Formal/Business""}"
images/Set1/IMG (4526).jpg,-1,"{}",1,0,"{""name"":""rect"",""x"":39,""y"":2,""width"":80,""height"":64}","{""Age"":""25-35"",""Weight"":""slightly-overweight"",""Economy-Class"":""middle class"",""Education"":""Educated"",""Accessories"":{""Nothing"":true},""Footwear"":""Fancy"",""ClothingStyle"":""Average"",""ImageQuality"":""Average"",""Emotion"":""Neutral"",""ClothingStyle2"":""Daily""}"
images/Set1/6960_3.jpg,-1,"{}",1,0,"{""name"":""circle"",""cx"":192,""cy"":32,""r"":71}","{""Age"":""35-45"",""Weight"":""slightly-overweight"",""Economy-Class"":""upper class"",""Education"":""Educated"",""CarryingBag"":""None"",""Accessories"":{""Watch"":true,""Earings"":true},""Footwear"":""CantSee"",""Demeanour"":""Average"",""ClothingStyle"":""Average"",""ImageQuality"":""Average"",""Emotion"":""Angry/Serious""}"
images/Set1/26640_1 (4).jpg,-1,"{}",1,0,"{""name"":""circle"",""cx"":184,""cy"":12,""r"":55}","{""Age"":""35-45"",""Weight"":""slightly-overweight"",""Economy-Class"":""upper class"",""Education"":""Educated"",""Accessories"":{""Earings"":true},""Footwear"":""Fancy"",""Demeanour"":""Average"",""ImageQuality"":""Average"",""Emotion"":""Angry/Serious"",""ClothingStyle2"":""Formal/Business""}"
images/Set1/22770_0.jpg,-1,"{}",1,0,"{""name"":""circle"",""cx"":59,""cy"":22,""r"":35}","{""Age"":""45-55"",""Weight"":""normal-healthy"",""Gender"":""male"",""Economy-Class"":""middle class"",""Education"":""Educated"",""CarryingBag"":""None"",""Accessories"":{""Nothing"":true},""Footwear"":""Fancy"",""ClothingStyle"":""Average"",""ImageQuality"":""Average"",""Emotion"":""Angry/Serious"",""ClothingStyle2"":""Formal/Business""}"
images/Set1/5610_0.jpg,-1,"{}",1,0,"{""name"":""circle"",""cx"":59,""cy"":38,""r"":76}","{""Age"":""55+"",""Weight"":""slightly-overweight"",""Gender"":""male"",""Economy-Class"":""middle class"",""Education"":""Educated"",""CarryingBag"":""Daily/Office/Work Bag"",""Accessories"":{""Nothing"":true},""ClothingStyle"":""Average"",""ImageQuality"":""Average"",""Emotion"":""Angry/Serious"",""ClothingStyle2"":""Formal/Business""}"
images/Set1/IMG (7547).jpg,-1,"{}",1,0,"{""name"":""rect"",""x"":103,""y"":33,""width"":99,""height"":100}","{""Age"":""15-25"",""Weight"":""normal-healthy"",""Economy-Class"":""middle class"",""Education"":""Educated"",""CarryingBag"":""None"",""Accessories"":{""Nothing"":true},""Footwear"":""CantSee"",""Demeanour"":""Average"",""ClothingStyle"":""Average"",""ImageQuality"":""Average"",""Emotion"":""Angry/Serious"",""ClothingStyle2"":""Daily""}"
images/Set1/78690_2.jpg,-1,"{}",1,0,"{""name"":""rect"",""x"":140,""y"":6,""width"":366,""height"":369}","{""Age"":""25-35"",""Weight"":""normal-healthy"",""Economy-Class"":""middle class"",""Education"":""Educated"",""CarryingBag"":""None"",""Accessories"":{""Earings"":true},""Footwear"":""CantSee"",""Demeanour"":""Average"",""ClothingStyle"":""Average"",""ImageQuality"":""Good"",""Emotion"":""Neutral"",""ClothingStyle2"":""Daily""}"
images/Set1/1650_2 (3).jpg,-1,"{}",1,0,"{""name"":""circle"",""cx"":339,""cy"":152,""r"":164}","{""Age"":""35-45"",""Weight"":""normal-healthy"",""Economy-Class"":""upper class"",""Education"":""Educated"",""Accessories"":{""Nothing"":true},""Footwear"":""CantSee"",""ClothingStyle2"":""Daily""}"
images/Set1/201510_0.jpg,-1,"{}",1,0,"{""name"":""circle"",""cx"":105,""cy"":13,""r"":70}","{""Age"":""25-35"",""Gender"":""male"",""CarryingBag"":""None"",""Accessories"":{""Nothing"":true},""Footwear"":""CantSee"",""Demeanour"":""Unkept"",""ClothingStyle"":""Below Average"",""Emotion"":""Angry/Serious"",""ClothingStyle2"":""Daily""}"
images/Set1/38220_0.jpg,-1,"{}",1,0,"{""name"":""circle"",""cx"":249,""cy"":24,""r"":214}","{""Age"":""25-35"",""Weight"":""normal-healthy"",""Gender"":""male"",""Economy-Class"":""middle class"",""Education"":""Educated"",""CarryingBag"":""None"",""Accessories"":{""Nothing"":true},""Footwear"":""CantSee"",""Demeanour"":""Average"",""ClothingStyle"":""Average"",""ImageQuality"":""Average"",""Emotion"":""Angry/Serious"",""ClothingStyle2"":""Daily""}"
images/Set1/13380_0.jpg,-1,"{}",1,0,"{""name"":""rect"",""x"":241,""y"":39,""width"":469,""height"":465}","{""Age"":""25-35"",""Weight"":""normal-healthy"",""Economy-Class"":""middle class"",""Education"":""Educated"",""CarryingBag"":""None"",""Accessories"":{""Nothing"":true},""Footwear"":""CantSee"",""Demeanour"":""Average"",""ImageQuality"":""Average"",""Emotion"":""Neutral"",""ClothingStyle2"":""Daily""}"
images/Set1/IMG (1329).jpg,-1,"{}",1,0,"{""name"":""rect"",""x"":81,""y"":0,""width"":82,""height"":41}","{""Age"":""25-35"",""Weight"":""normal-healthy"",""Economy-Class"":""middle class"",""Education"":""Educated"",""Accessories"":{""Watch"":true},""Footwear"":""Fancy"",""Demeanour"":""Average"",""ClothingStyle"":""Average"",""ImageQuality"":""Average"",""Emotion"":""Neutral"",""ClothingStyle2"":""Daily""}"
images/Set1/IMG (1033).jpg,-1,"{}",1,0,"{""name"":""circle"",""cx"":66,""cy"":9,""r"":38}","{""Age"":""25-35"",""Weight"":""normal-healthy"",""Economy-Class"":""middle class"",""Education"":""Educated"",""CarryingBag"":""Daily/Office/Work Bag"",""Accessories"":{""Watch"":true},""Footwear"":""CantSee"",""Demeanour"":""Average"",""ClothingStyle"":""Average"",""ImageQuality"":""Average"",""Emotion"":""Angry/Serious"",""ClothingStyle2"":""Daily""}"
images/Set1/IMG (8372).jpg,-1,"{}",1,0,"{""name"":""circle"",""cx"":153,""cy"":18,""r"":65}","{""Age"":""35-45"",""Weight"":""slightly-overweight"",""CarryingBag"":""None"",""Accessories"":{""Earings"":true},""Demeanour"":""Unkept"",""ClothingStyle"":""Below Average"",""Emotion"":""Neutral""}"
images/Set1/IMG (5347).jpg,-1,"{}",1,0,"{""name"":""circle"",""cx"":47,""cy"":26,""r"":37}","{""Age"":""15-25"",""Weight"":""normal-healthy"",""Gender"":""male"",""CarryingBag"":""None"",""Accessories"":{""Nothing"":true},""Demeanour"":""Average"",""ClothingStyle"":""Average"",""Emotion"":""Angry/Serious"",""ClothingStyle2"":""Daily""}"
images/Set1/19080_3.jpg,-1,"{}",1,0,"{""name"":""circle"",""cx"":271,""cy"":98,""r"":235}","{""Age"":""25-35"",""Weight"":""slightly-overweight"",""Economy-Class"":""upper class"",""Education"":""Educated"",""CarryingBag"":""None"",""Accessories"":{""Watch"":true},""Footwear"":""CantSee"",""ImageQuality"":""Good"",""Emotion"":""Neutral"",""ClothingStyle2"":""Formal/Business""}"
images/Set1/42900_0.jpg,-1,"{}",1,0,"{""name"":""circle"",""cx"":52,""cy"":20,""r"":39}","{""Age"":""25-35"",""Weight"":""normal-healthy"",""Gender"":""male"",""Economy-Class"":""middle class"",""Education"":""Educated"",""CarryingBag"":""None"",""Accessories"":{""Nothing"":true},""ImageQuality"":""Average"",""Emotion"":""Angry/Serious"",""ClothingStyle2"":""Formal/Business""}"
images/Set1/2580_0.jpg,-1,"{}",1,0,"{""name"":""rect"",""x"":91,""y"":2,""width"":92,""height"":78}","{""Age"":""25-35"",""Weight"":""slightly-overweight"",""Economy-Class"":""middle class"",""Education"":""Educated"",""CarryingBag"":""None"",""Accessories"":{""Nothing"":true},""Demeanour"":""Average"",""ClothingStyle"":""Average"",""ImageQuality"":""Good"",""Emotion"":""Neutral"",""ClothingStyle2"":""Daily""}"
images/Set1/7620_1.jpg,-1,"{}",1,0,"{""name"":""circle"",""cx"":72,""cy"":30,""r"":38}","{""Age"":""25-35"",""Weight"":""normal-healthy"",""Economy-Class"":""middle class"",""Education"":""Educated"",""Accessories"":{""Earings"":true},""Demeanour"":""Average"",""ClothingStyle"":""Average"",""ImageQuality"":""Average"",""Emotion"":""Angry/Serious"",""ClothingStyle2"":""Daily""}"
images/Set1/28740_4.jpg,-1,"{}",1,0,"{""name"":""circle"",""cx"":146,""cy"":57,""r"":94}","{""Age"":""35-45"",""Weight"":""over-weight"",""Gender"":""male"",""Economy-Class"":""upper class"",""Education"":""Educated"",""CarryingBag"":""Daily/Office/Work Bag"",""Accessories"":{""Watch"":true},""Footwear"":""CantSee"",""Demeanour"":""Average"",""ClothingStyle"":""Average"",""ImageQuality"":""Good"",""Emotion"":""Angry/Serious"",""ClothingStyle2"":""Formal/Business""}"
images/Set1/34470_7.jpg,-1,"{}",1,0,"{""name"":""circle"",""cx"":81,""cy"":34,""r"":45}","{""Age"":""15-25"",""Weight"":""normal-healthy"",""Gender"":""male"",""Economy-Class"":""middle class"",""Education"":""Educated"",""CarryingBag"":""None"",""Accessories"":{""Nothing"":true},""Footwear"":""CantSee"",""Demeanour"":""Average"",""ClothingStyle"":""Average"",""ImageQuality"":""Average"",""Emotion"":""Neutral"",""ClothingStyle2"":""Daily""}"
images/Set1/27840_0 (4).jpg,-1,"{}",1,0,"{""name"":""circle"",""cx"":64,""cy"":17,""r"":63}","{""Age"":""25-35"",""Weight"":""slightly-overweight"",""Gender"":""male"",""CarryingBag"":""None"",""Accessories"":{""Nothing"":true},""Demeanour"":""Unkept"",""ClothingStyle"":""Below Average"",""ImageQuality"":""Average"",""Emotion"":""Angry/Serious"",""ClothingStyle2"":""Daily""}"
images/Set1/22590_2 (3).jpg,-1,"{}",1,0,"{""name"":""circle"",""cx"":82,""cy"":24,""r"":88}","{""Age"":""55+"",""Weight"":""normal-healthy"",""Gender"":""male"",""Economy-Class"":""upper class"",""Education"":""Educated"",""CarryingBag"":""None"",""Accessories"":{""Nothing"":true},""Footwear"":""CantSee"",""Demeanour"":""Average"",""ClothingStyle"":""Average"",""ImageQuality"":""Average"",""ClothingStyle2"":""Daily""}"
images/Set1/31620_0 (2).jpg,-1,"{}",1,0,"{""name"":""circle"",""cx"":221,""cy"":62,""r"":135}","{""Age"":""25-35"",""Weight"":""normal-healthy"",""Gender"":""male"",""Economy-Class"":""middle class"",""Education"":""Educated"",""CarryingBag"":""None"",""Accessories"":{""Nothing"":true},""Footwear"":""CantSee"",""Demeanour"":""Average"",""ClothingStyle"":""Average"",""Emotion"":""Angry/Serious"",""ClothingStyle2"":""Formal/Business""}"
images/Set1/180_0 (6).jpg,-1,"{}",1,0,"{""name"":""circle"",""cx"":111,""cy"":52,""r"":110}","{""Age"":""25-35"",""Weight"":""slightly-overweight"",""Economy-Class"":""upper class"",""Education"":""Educated"",""CarryingBag"":""Grocery/Home/Plastic Bag"",""Accessories"":{""Nothing"":true},""Footwear"":""CantSee"",""Demeanour"":""Average"",""ClothingStyle"":""Average"",""ImageQuality"":""Average"",""Emotion"":""Neutral"",""ClothingStyle2"":""Daily""}"
images/Set1/390_1 (8).jpg,-1,"{}",1,0,"{""name"":""circle"",""cx"":67,""cy"":16,""r"":38}","{""Age"":""35-45"",""Weight"":""slightly-overweight"",""Gender"":""male"",""Economy-Class"":""middle class"",""Education"":""Educated"",""CarryingBag"":""None"",""Accessories"":{""Nothing"":true},""Demeanour"":""Unkept"",""ClothingStyle"":""Below Average"",""ImageQuality"":""Average"",""Emotion"":""Neutral"",""ClothingStyle2"":""Daily""}"
images/Set1/1590_0 (7).jpg,-1,"{}",1,0,"{""name"":""circle"",""cx"":125,""cy"":46,""r"":121.502}","{""Age"":""35-45"",""Weight"":""slightly-overweight"",""Gender"":""male"",""Economy-Class"":""upper class"",""Education"":""Educated"",""CarryingBag"":""None"",""Accessories"":{""Watch"":true},""Footwear"":""CantSee"",""Demeanour"":""Average"",""ClothingStyle"":""Average"",""ImageQuality"":""Average"",""Emotion"":""Neutral"",""ClothingStyle2"":""Daily""}"
images/Set1/IMG (1524).jpg,-1,"{}",1,0,"{""name"":""circle"",""cx"":2,""cy"":5,""r"":69}","{""Age"":""25-35"",""Weight"":""normal-healthy"",""Gender"":""male"",""Economy-Class"":""middle class"",""CarryingBag"":""None"",""Accessories"":{""Nothing"":true},""Footwear"":""CantSee"",""Demeanour"":""Unkept"",""ClothingStyle"":""Average"",""ImageQuality"":""Average"",""Emotion"":""Neutral"",""ClothingStyle2"":""Daily""}"
images/Set1/98070_1.jpg,-1,"{}",1,0,"{""name"":""circle"",""cx"":136,""cy"":45,""r"":83}","{""Age"":""15-25"",""Weight"":""normal-healthy"",""Economy-Class"":""middle class"",""Education"":""Educated"",""CarryingBag"":""None"",""Accessories"":{""Earings"":true},""Footwear"":""CantSee"",""Demeanour"":""Average"",""ClothingStyle"":""Average"",""Emotion"":""Neutral"",""ClothingStyle2"":""Daily""}"
images/Set1/1920_2.jpg,-1,"{}",1,0,"{""name"":""circle"",""cx"":122,""cy"":32,""r"":57}","{""Age"":""25-35"",""Weight"":""normal-healthy"",""Economy-Class"":""middle class"",""Education"":""Educated"",""CarryingBag"":""Daily/Office/Work Bag"",""Accessories"":{""Sunglasses"":true},""Footwear"":""Fancy"",""Demeanour"":""Average"",""ClothingStyle"":""Average"",""ImageQuality"":""Average"",""Emotion"":""Neutral""}"
images/Set1/990_1 (5).jpg,-1,"{}",1,0,"{""name"":""circle"",""cx"":103,""cy"":14,""r"":57}","{""Age"":""25-35"",""Weight"":""normal-healthy"",""Gender"":""male"",""Education"":""Educated"",""CarryingBag"":""Grocery/Home/Plastic Bag"",""Accessories"":{""Nothing"":true},""Demeanour"":""Average"",""ClothingStyle"":""Average"",""ImageQuality"":""Average"",""Emotion"":""Neutral"",""ClothingStyle2"":""Daily""}"
images/Set1/360_2 (4).jpg,-1,"{}",1,0,"{""name"":""circle"",""cx"":52,""cy"":8,""r"":35}","{""Age"":""35-45"",""Weight"":""slightly-overweight"",""Economy-Class"":""middle class"",""Education"":""Educated"",""CarryingBag"":""Grocery/Home/Plastic Bag"",""Accessories"":{""Nothing"":true},""Demeanour"":""Average"",""ClothingStyle"":""Average"",""ImageQuality"":""Average"",""Emotion"":""Sad"",""ClothingStyle2"":""Formal/Business""}"
images/Set1/5550_0.jpg,-1,"{}",1,0,"{""name"":""circle"",""cx"":124,""cy"":69,""r"":106}","{""Age"":""25-35"",""Weight"":""normal-healthy"",""Economy-Class"":""uber upper class"",""Education"":""Educated"",""CarryingBag"":""Daily/Office/Work Bag"",""Accessories"":{""Watch"":true},""Footwear"":""Fancy"",""ClothingStyle"":""Average"",""ImageQuality"":""Average"",""Emotion"":""Neutral"",""ClothingStyle2"":""Daily""}"
images/Set1/29220_2.jpg,-1,"{}",1,0,"{""name"":""circle"",""cx"":83,""cy"":27,""r"":45}","{""Age"":""25-35"",""Weight"":""normal-healthy"",""Economy-Class"":""middle class"",""Education"":""Educated"",""CarryingBag"":""Grocery/Home/Plastic Bag"",""Accessories"":{""Nothing"":true},""Demeanour"":""Average"",""ClothingStyle"":""Average"",""ImageQuality"":""Average"",""Emotion"":""Neutral"",""ClothingStyle2"":""Daily""}"
images/Set1/IMG (5525).jpg,-1,"{}",1,0,"{""name"":""circle"",""cx"":360,""cy"":128,""r"":202}","{""Age"":""25-35"",""Weight"":""normal-healthy"",""Gender"":""male"",""Economy-Class"":""middle class"",""Education"":""Educated"",""CarryingBag"":""None"",""Accessories"":{""Nothing"":true},""Footwear"":""CantSee"",""Demeanour"":""Average"",""ClothingStyle"":""Average"",""ImageQuality"":""Average"",""Emotion"":""Angry/Serious"",""ClothingStyle2"":""Daily""}"
images/Set1/IMG (3040).jpg,-1,"{}",1,0,"{""name"":""rect"",""x"":24,""y"":2,""width"":60,""height"":50}","{""Age"":""25-35"",""Weight"":""normal-healthy"",""Gender"":""male"",""CarryingBag"":""None"",""Accessories"":{""Nothing"":true},""Footwear"":""CantSee"",""Demeanour"":""Unkept"",""ClothingStyle"":""Below Average"",""Emotion"":""Neutral"",""ClothingStyle2"":""Daily""}"
images/Set1/15750_2 (5).jpg,-1,"{}",1,0,"{""name"":""circle"",""cx"":98,""cy"":61,""r"":116}","{""Age"":""25-35"",""Weight"":""over-weight"",""Gender"":""male"",""Economy-Class"":""upper class"",""Education"":""Educated"",""CarryingBag"":""None"",""Accessories"":{""Nothing"":true},""Footwear"":""CantSee"",""ClothingStyle"":""Average"",""Emotion"":""Angry/Serious"",""ClothingStyle2"":""Formal/Business""}"
images/Set1/IMG (1903).jpg,-1,"{}",1,0,"{""name"":""circle"",""cx"":76,""cy"":55,""r"":52}","{""Age"":""45-55"",""Weight"":""slightly-overweight"",""Gender"":""male"",""Economy-Class"":""middle class"",""Education"":""Educated"",""CarryingBag"":""None"",""Accessories"":{""Nothing"":true},""Demeanour"":""Unkept"",""ClothingStyle"":""Below Average"",""ImageQuality"":""Average"",""Emotion"":""Angry/Serious"",""ClothingStyle2"":""Daily""}"
images/Set1/IMG (5296).jpg,-1,"{}",1,0,"{""name"":""circle"",""cx"":88,""cy"":38,""r"":48}","{""Age"":""35-45"",""Weight"":""normal-healthy"",""Gender"":""male"",""CarryingBag"":""None"",""Accessories"":{""Nothing"":true},""Demeanour"":""Unkept"",""ClothingStyle"":""Below Average"",""ImageQuality"":""Average"",""Emotion"":""Angry/Serious""}"
images/Set1/22860_0 (2).jpg,-1,"{}",1,0,"{""name"":""circle"",""cx"":160,""cy"":50,""r"":96}","{""Age"":""25-35"",""Weight"":""normal-healthy"",""Gender"":""male"",""Economy-Class"":""upper class"",""Education"":""Educated"",""CarryingBag"":""None"",""Accessories"":{""Watch"":true},""Footwear"":""CantSee"",""ClothingStyle"":""Below Average"",""ImageQuality"":""Average"",""Emotion"":""Angry/Serious"",""ClothingStyle2"":""Formal/Business""}"
images/Set1/16320_3.jpg,-1,"{}",1,0,"{""name"":""circle"",""cx"":74,""cy"":46,""r"":47}","{""Age"":""25-35"",""Weight"":""normal-healthy"",""Economy-Class"":""uber upper class"",""Education"":""Educated"",""CarryingBag"":""Daily/Office/Work Bag"",""Accessories"":{""Nothing"":true},""Footwear"":""Fancy"",""ImageQuality"":""Average"",""Emotion"":""Neutral"",""ClothingStyle2"":""Formal/Business""}"
images/Set1/28590_3.jpg,-1,"{}",1,0,"{""name"":""circle"",""cx"":90,""cy"":58,""r"":52}","{""Age"":""25-35"",""Weight"":""normal-healthy"",""Economy-Class"":""upper class"",""Education"":""Educated"",""CarryingBag"":""Grocery/Home/Plastic Bag"",""Accessories"":{""Nothing"":true},""Demeanour"":""Average"",""ClothingStyle"":""Average"",""ImageQuality"":""Average"",""Emotion"":""Angry/Serious"",""ClothingStyle2"":""Daily""}"
images/Set1/IMG (42).jpg,-1,"{}",1,0,"{""name"":""circle"",""cx"":62,""cy"":11,""r"":60}","{""Age"":""25-35"",""Weight"":""normal-healthy"",""Gender"":""male"",""Economy-Class"":""upper class"",""Education"":""Educated"",""CarryingBag"":""None"",""Accessories"":{""Sunglasses"":true},""Demeanour"":""Average"",""ClothingStyle"":""Average"",""ImageQuality"":""Average"",""Emotion"":""Angry/Serious"",""ClothingStyle2"":""Daily""}"
images/Set1/3150_2 (4).jpg,-1,"{}",1,0,"{""name"":""circle"",""cx"":62,""cy"":33,""r"":58}","{""Age"":""25-35"",""Weight"":""normal-healthy"",""Gender"":""male"",""Economy-Class"":""upper class"",""Education"":""Educated"",""CarryingBag"":""None"",""Accessories"":{""Nothing"":true},""Demeanour"":""Average"",""ClothingStyle"":""Average"",""ImageQuality"":""Average"",""Emotion"":""Angry/Serious"",""ClothingStyle2"":""Daily""}"
images/Set1/24240_3 (2).jpg,-1,"{}",1,0,"{""name"":""circle"",""cx"":174,""cy"":56,""r"":53}","{""Age"":""25-35"",""Weight"":""normal-healthy"",""Economy-Class"":""middle class"",""Education"":""Educated"",""CarryingBag"":""None"",""Accessories"":{""Nothing"":true},""Footwear"":""CantSee"",""Demeanour"":""Average"",""ImageQuality"":""Average"",""Emotion"":""Neutral"",""ClothingStyle2"":""Daily""}"
images/Set1/19860_4.jpg,-1,"{}",1,0,"{""name"":""circle"",""cx"":121,""cy"":91,""r"":91}","{""Age"":""25-35"",""Weight"":""normal-healthy"",""Economy-Class"":""upper class"",""Education"":""Educated"",""CarryingBag"":""None"",""Accessories"":{},""Footwear"":""CantSee"",""ImageQuality"":""Average"",""Emotion"":""Angry/Serious"",""ClothingStyle2"":""Daily""}"
images/Set1/IMG (7899).jpg,-1,"{}",1,0,"{""name"":""circle"",""cx"":103,""cy"":33,""r"":70}","{""Age"":""25-35"",""Weight"":""normal-healthy"",""Gender"":""male"",""Economy-Class"":""middle class"",""Education"":""Educated"",""CarryingBag"":""None"",""Accessories"":{""Watch"":true},""Footwear"":""CantSee"",""Demeanour"":""Average"",""ClothingStyle"":""Average"",""ImageQuality"":""Average"",""Emotion"":""Neutral"",""ClothingStyle2"":""Formal/Business""}"
images/Set1/12240_1 (7).jpg,-1,"{}",1,0,"{""name"":""circle"",""cx"":83,""cy"":11,""r"":50}","{""Age"":""25-35"",""Weight"":""normal-healthy"",""Gender"":""male"",""Economy-Class"":""middle class"",""Education"":""Educated"",""CarryingBag"":""None"",""Accessories"":{""Nothing"":true},""Demeanour"":""Average"",""ClothingStyle"":""Average"",""Emotion"":""Neutral""}"
images/Set1/32280_4.jpg,-1,"{}",1,0,"{""name"":""circle"",""cx"":60,""cy"":10,""r"":60}","{""Age"":""35-45"",""Weight"":""normal-healthy"",""Economy-Class"":""middle class"",""Education"":""Educated"",""CarryingBag"":""None"",""Accessories"":{""Nothing"":true},""Demeanour"":""Average"",""ClothingStyle"":""Average"",""Emotion"":""Neutral""}"
images/Set1/IMG (8445).jpg,-1,"{}",1,0,"{""name"":""circle"",""cx"":92,""cy"":47,""r"":85}","{""Age"":""55+"",""Weight"":""normal-healthy"",""CarryingBag"":""Grocery/Home/Plastic Bag"",""Accessories"":{""Earings"":true},""Footwear"":""CantSee"",""Demeanour"":""Unkept"",""ClothingStyle"":""Below Average"",""ImageQuality"":""Average"",""Emotion"":""Angry/Serious""}"
images/Set1/20790_3 (2).jpg,-1,"{}",1,0,"{""name"":""circle"",""cx"":62,""cy"":14,""r"":43}","{""Age"":""55+"",""Weight"":""normal-healthy"",""CarryingBag"":""None"",""Accessories"":{""Nothing"":true},""Demeanour"":""Unkept"",""ClothingStyle"":""Below Average"",""Emotion"":""Neutral"",""ClothingStyle2"":""Daily""}"
images/Set1/10740_2.jpg,-1,"{}",1,0,"{""name"":""circle"",""cx"":184,""cy"":20,""r"":94}","{""Age"":""25-35"",""Weight"":""normal-healthy"",""Gender"":""male"",""Economy-Class"":""upper class"",""Education"":""Educated"",""CarryingBag"":""None"",""Accessories"":{""Nothing"":true},""Footwear"":""CantSee"",""ClothingStyle"":""Average"",""ImageQuality"":""Average"",""Emotion"":""Angry/Serious"",""ClothingStyle2"":""Formal/Business""}"
images/Set1/IMG (7883).jpg,-1,"{}",1,0,"{""name"":""circle"",""cx"":182,""cy"":104,""r"":131}","{""Age"":""25-35"",""Weight"":""normal-healthy"",""Economy-Class"":""upper class"",""Education"":""Educated"",""CarryingBag"":""Daily/Office/Work Bag"",""Accessories"":{""Nothing"":true},""ClothingStyle"":""Average"",""Emotion"":""Neutral"",""ClothingStyle2"":""Daily""}"
images/Set1/25710_2 (3).jpg,-1,"{}",1,0,"{""name"":""circle"",""cx"":195,""cy"":44,""r"":81}","{""Age"":""25-35"",""Gender"":""male"",""CarryingBag"":""None"",""Accessories"":{""Nothing"":true},""Footwear"":""CantSee"",""Demeanour"":""Unkept"",""ClothingStyle"":""Below Average"",""ImageQuality"":""Good"",""Emotion"":""Angry/Serious"",""ClothingStyle2"":""Daily""}"
images/Set1/5070_0 (3).jpg,-1,"{}",1,0,"{""name"":""circle"",""cx"":113,""cy"":48,""r"":66}","{""Age"":""25-35"",""Weight"":""normal-healthy"",""Economy-Class"":""middle class"",""Education"":""Educated"",""CarryingBag"":""Daily/Office/Work Bag"",""Accessories"":{""Nothing"":true},""Footwear"":""CantSee"",""ClothingStyle"":""Average"",""ImageQuality"":""Good"",""Emotion"":""Angry/Serious"",""ClothingStyle2"":""Daily""}"
images/Set1/14940_0.jpg,-1,"{}",1,0,"{""name"":""rect"",""x"":67,""y"":20,""width"":182,""height"":151}","{""Age"":""25-35"",""Gender"":""male"",""CarryingBag"":""Grocery/Home/Plastic Bag"",""Accessories"":{""Nothing"":true},""Footwear"":""CantSee"",""Demeanour"":""Unkept"",""ClothingStyle"":""Below Average"",""ImageQuality"":""Average"",""Emotion"":""Neutral"",""ClothingStyle2"":""Daily""}"
images/Set1/23850_1 (2).jpg,-1,"{}",1,0,"{""name"":""circle"",""cx"":129,""cy"":93,""r"":80}","{""Age"":""35-45"",""Weight"":""normal-healthy"",""Economy-Class"":""upper class"",""Education"":""Educated"",""Accessories"":{""Nothing"":true},""Footwear"":""CantSee"",""ImageQuality"":""Average"",""Emotion"":""Neutral"",""ClothingStyle2"":""Formal/Business""}"
images/Set2/37500_2.jpg,-1,"{}",1,0,"{""name"":""circle"",""cx"":148,""cy"":64,""r"":87}","{""Age"":""55+"",""Weight"":""slightly-overweight"",""Economy-Class"":""upper class"",""Education"":""Educated"",""CarryingBag"":""Daily/Office/Work Bag"",""Accessories"":{""Sunglasses"":true},""Footwear"":""CantSee"",""Demeanour"":""Average"",""ImageQuality"":""Average"",""Emotion"":""Neutral"",""ClothingStyle2"":""Daily""}"
images/Set2/18990_1.jpg,-1,"{}",1,0,"{""name"":""circle"",""cx"":413,""cy"":136,""r"":187}","{""Age"":""35-45"",""Weight"":""over-weight"",""Economy-Class"":""middle class"",""Education"":""Educated"",""CarryingBag"":""Daily/Office/Work Bag"",""Accessories"":{""Nothing"":true},""Footwear"":""Fancy"",""Demeanour"":""Average"",""ClothingStyle"":""Average"",""Emotion"":""Angry/Serious"",""ClothingStyle2"":""Daily""}"
images/Set2/21060_1.jpg,-1,"{}",1,0,"{""name"":""circle"",""cx"":90,""cy"":51,""r"":54}","{""Weight"":""normal-healthy"",""Gender"":""male"",""Economy-Class"":""middle class"",""Education"":""Educated"",""CarryingBag"":""Grocery/Home/Plastic Bag"",""Accessories"":{""Cap"":true},""Demeanour"":""Average"",""ClothingStyle"":""Average"",""ImageQuality"":""Average"",""Emotion"":""Neutral"",""ClothingStyle2"":""Daily""}"
images/Set2/30780_0.jpg,-1,"{}",1,0,"{""name"":""circle"",""cx"":248,""cy"":97,""r"":119}","{""Age"":""55+"",""Weight"":""normal-healthy"",""Gender"":""male"",""Economy-Class"":""upper class"",""Education"":""Educated"",""CarryingBag"":""Daily/Office/Work Bag"",""Accessories"":{""Nothing"":true},""Demeanour"":""Classy-Groomed"",""ClothingStyle"":""Average"",""ImageQuality"":""Average"",""Emotion"":""Sad"",""ClothingStyle2"":""Daily""}"
images/Set2/2070_8.jpg,-1,"{}",1,0,"{""name"":""circle"",""cx"":151,""cy"":51,""r"":84}","{""Age"":""25-35"",""Weight"":""normal-healthy"",""Economy-Class"":""uber upper class"",""Education"":""Educated"",""CarryingBag"":""None"",""Accessories"":{""Nothing"":true},""Footwear"":""CantSee"",""ImageQuality"":""Good"",""Emotion"":""Neutral"",""ClothingStyle2"":""Daily""}"
images/Set2/38460_9.jpg,-1,"{}",1,0,"{""name"":""circle"",""cx"":113,""cy"":109,""r"":75}","{""Age"":""35-45"",""Weight"":""normal-healthy"",""Economy-Class"":""upper class"",""Education"":""Educated"",""CarryingBag"":""None"",""Accessories"":{""Nothing"":true},""Footwear"":""CantSee"",""ImageQuality"":""Average"",""Emotion"":""Neutral"",""ClothingStyle2"":""Formal/Business""}"
images/Set2/2160_1.jpg,-1,"{}",1,0,"{""name"":""circle"",""cx"":128,""cy"":73,""r"":90}","{""Age"":""25-35"",""Weight"":""slightly-overweight"",""Economy-Class"":""upper class"",""Education"":""Educated"",""CarryingBag"":""Daily/Office/Work Bag"",""Accessories"":{""Nothing"":true},""Footwear"":""CantSee"",""Demeanour"":""Unkept"",""ImageQuality"":""Average"",""Emotion"":""Neutral"",""ClothingStyle2"":""Daily""}"
images/Set2/17070_6.jpg,-1,"{}",1,0,"{""name"":""circle"",""cx"":145,""cy"":33,""r"":68.026}","{""Age"":""25-35"",""Weight"":""normal-healthy"",""Economy-Class"":""middle class"",""Education"":""Educated"",""CarryingBag"":""Daily/Office/Work Bag"",""Accessories"":{""Nothing"":true},""Footwear"":""CantSee"",""Demeanour"":""Average"",""ClothingStyle"":""Average"",""ImageQuality"":""Average"",""Emotion"":""Neutral"",""ClothingStyle2"":""Daily""}"
images/Set2/17520_3 (3).jpg,-1,"{}",1,0,"{""name"":""circle"",""cx"":371,""cy"":133,""r"":167}","{""Age"":""15-25"",""Weight"":""normal-healthy"",""Economy-Class"":""uber upper class"",""Education"":""Educated"",""CarryingBag"":""None"",""Accessories"":{""Nothing"":true},""Footwear"":""CantSee"",""ImageQuality"":""Good"",""ClothingStyle2"":""Daily""}"
images/Set2/30360_6.jpg,-1,"{}",1,0,"{""name"":""circle"",""cx"":120,""cy"":42,""r"":49}","{""Age"":""55+"",""Weight"":""normal-healthy"",""Gender"":""male"",""Economy-Class"":""upper class"",""Education"":""Educated"",""CarryingBag"":""None"",""Accessories"":{""Nothing"":true},""Footwear"":""CantSee"",""ClothingStyle"":""Average"",""ImageQuality"":""Average"",""Emotion"":""Angry/Serious"",""ClothingStyle2"":""Formal/Business""}"
images/Set2/9480_0.jpg,-1,"{}",1,0,"{""name"":""circle"",""cx"":908,""cy"":322,""r"":346}","{""Age"":""25-35"",""Weight"":""normal-healthy"",""Gender"":""male"",""Economy-Class"":""upper class"",""Education"":""Educated"",""CarryingBag"":""None"",""Accessories"":{""Nothing"":true},""Footwear"":""CantSee"",""Demeanour"":""Average"",""ClothingStyle"":""Average"",""ImageQuality"":""Average"",""Emotion"":""Sad"",""ClothingStyle2"":""Daily""}"
images/Set2/28440_2.jpg,-1,"{}",1,0,"{""name"":""circle"",""cx"":483,""cy"":168,""r"":187}","{""Age"":""55+"",""Weight"":""normal-healthy"",""Gender"":""male"",""Economy-Class"":""middle class"",""Education"":""Educated"",""CarryingBag"":""None"",""Accessories"":{""Nothing"":true},""Footwear"":""CantSee"",""ClothingStyle"":""Average"",""ImageQuality"":""Average"",""Emotion"":""Neutral"",""ClothingStyle2"":""Daily""}"
images/Set2/11010_0.jpg,-1,"{}",1,0,"{""name"":""circle"",""cx"":248,""cy"":138,""r"":146}","{""Age"":""15-25"",""Weight"":""normal-healthy"",""Economy-Class"":""upper class"",""Education"":""Educated"",""CarryingBag"":""Daily/Office/Work Bag"",""Accessories"":{""Nothing"":true},""Footwear"":""CantSee"",""ImageQuality"":""Good"",""Emotion"":""Sad"",""ClothingStyle2"":""Formal/Business""}"
images/Set2/29130_0 (2).jpg,-1,"{}",1,0,"{""name"":""circle"",""cx"":265,""cy"":65,""r"":86}","{""Age"":""45-55"",""Weight"":""slightly-overweight"",""Gender"":""male"",""Economy-Class"":""uber upper class"",""Education"":""Educated"",""CarryingBag"":""None"",""Accessories"":{""Sunglasses"":true},""Footwear"":""CantSee"",""Demeanour"":""Average"",""ClothingStyle"":""Average"",""ImageQuality"":""Good"",""ClothingStyle2"":""Daily""}"
images/Set3/65070_1.jpg,-1,"{}",1,0,"{""name"":""circle"",""cx"":114,""cy"":55,""r"":60}","{""Age"":""35-45"",""Weight"":""slightly-overweight"",""Economy-Class"":""upper class"",""Education"":""Educated"",""CarryingBag"":""None"",""Accessories"":{""Nothing"":true},""Demeanour"":""Average"",""ClothingStyle"":""Average"",""ImageQuality"":""Average"",""Emotion"":""Neutral"",""ClothingStyle2"":""Daily""}"
images/Set3/4920_3.jpg,-1,"{}",1,0,"{""name"":""circle"",""cx"":66,""cy"":51,""r"":41}","{""Age"":""55+"",""Weight"":""normal-healthy"",""Gender"":""male"",""Economy-Class"":""upper class"",""Education"":""Educated"",""CarryingBag"":""None"",""Accessories"":{""Sunglasses"":true},""Footwear"":""Fancy"",""ClothingStyle"":""Average"",""ImageQuality"":""Average"",""Emotion"":""Neutral"",""ClothingStyle2"":""Formal/Business""}"
images/Set3/4020_2.jpg,-1,"{}",1,0,"{""name"":""circle"",""cx"":108,""cy"":28,""r"":62}","{""Age"":""25-35"",""Weight"":""normal-healthy"",""Economy-Class"":""upper class"",""Education"":""Educated"",""CarryingBag"":""Daily/Office/Work Bag"",""Accessories"":{""Nothing"":true},""Footwear"":""CantSee"",""ImageQuality"":""Average"",""Emotion"":""Neutral"",""ClothingStyle2"":""Formal/Business""}"
images/Set3/6090_1 (2).jpg,-1,"{}",1,0,"{""name"":""circle"",""cx"":104,""cy"":79,""r"":56.075}","{""Age"":""15-25"",""Weight"":""normal-healthy"",""Gender"":""male"",""Economy-Class"":""upper class"",""Education"":""Educated"",""CarryingBag"":""None"",""Accessories"":{""Nothing"":true},""Footwear"":""CantSee"",""Demeanour"":""Classy-Groomed"",""ClothingStyle"":""Average"",""ImageQuality"":""Average"",""Emotion"":""Neutral"",""ClothingStyle2"":""Daily""}"
images/Set3/300_2.jpg,-1,"{}",1,0,"{""name"":""circle"",""cx"":71,""cy"":38,""r"":41}","{""Age"":""15-25"",""Weight"":""normal-healthy"",""Economy-Class"":""upper class"",""Education"":""Educated"",""CarryingBag"":""None"",""Accessories"":{""Nothing"":true},""Footwear"":""Fancy"",""ImageQuality"":""Average"",""ClothingStyle2"":""Daily""}"
images/Set3/6780_0.jpg,-1,"{}",1,0,"{""name"":""circle"",""cx"":134,""cy"":34,""r"":48}","{""Age"":""45-55"",""Weight"":""slightly-overweight"",""Gender"":""male"",""Economy-Class"":""upper class"",""Education"":""Educated"",""CarryingBag"":""Grocery/Home/Plastic Bag"",""Accessories"":{""Nothing"":true},""Footwear"":""CantSee"",""Demeanour"":""Average"",""ClothingStyle"":""Average"",""ImageQuality"":""Average"",""Emotion"":""Angry/Serious"",""ClothingStyle2"":""Daily""}"
images/Set3/12090_3 (2).jpg,-1,"{}",1,0,"{""name"":""circle"",""cx"":104,""cy"":42,""r"":52}","{""Age"":""25-35"",""Weight"":""normal-healthy"",""Gender"":""male"",""Economy-Class"":""upper class"",""Education"":""Educated"",""CarryingBag"":""None"",""Accessories"":{""Nothing"":true},""Footwear"":""Fancy"",""ImageQuality"":""Average"",""ClothingStyle2"":""Formal/Business""}"
images/Set4/36330_4.jpg,-1,"{}",1,0,"{""name"":""circle"",""cx"":182,""cy"":119,""r"":75}","{""Age"":""45-55"",""Weight"":""slightly-overweight"",""Economy-Class"":""upper class"",""Education"":""Educated"",""CarryingBag"":""None"",""Accessories"":{""Nothing"":true},""Footwear"":""CantSee"",""Demeanour"":""Average"",""ClothingStyle"":""Average"",""ImageQuality"":""Average"",""Emotion"":""Angry/Serious"",""ClothingStyle2"":""Formal/Business""}"
images/Set4/1020_6.jpg,-1,"{}",1,0,"{""name"":""circle"",""cx"":90,""cy"":31,""r"":68}","{""Age"":""25-35"",""Weight"":""normal-healthy"",""Economy-Class"":""uber upper class"",""Education"":""Highly Educated"",""CarryingBag"":""None"",""Accessories"":{""Nothing"":true},""Footwear"":""Fancy"",""ImageQuality"":""Average"",""Emotion"":""Neutral"",""ClothingStyle2"":""Daily""}"
images/Set4/80220_0.jpg,-1,"{}",1,0,"{""name"":""circle"",""cx"":190,""cy"":71,""r"":116}","{""Age"":""45-55"",""Weight"":""over-weight"",""Gender"":""male"",""Economy-Class"":""upper class"",""Education"":""Educated"",""CarryingBag"":""None"",""Accessories"":{""Nothing"":true},""Footwear"":""CantSee"",""Demeanour"":""Average"",""ClothingStyle"":""Average"",""Emotion"":""Angry/Serious"",""ClothingStyle2"":""Daily""}"
images/Set4/8070_6.jpg,-1,"{}",1,0,"{""name"":""circle"",""cx"":102,""cy"":101,""r"":105}","{""Age"":""45-55"",""Weight"":""normal-healthy"",""Economy-Class"":""uber upper class"",""Education"":""Educated"",""CarryingBag"":""Grocery/Home/Plastic Bag"",""Accessories"":{""Cap"":true},""Footwear"":""CantSee"",""Emotion"":""Neutral"",""ClothingStyle2"":""Daily""}"
images/Set4/10560_3.jpg,-1,"{}",1,0,"{""name"":""circle"",""cx"":254,""cy"":76,""r"":109}","{""Age"":""55+"",""Weight"":""slightly-overweight"",""Economy-Class"":""uber upper class"",""Education"":""Educated"",""CarryingBag"":""Daily/Office/Work Bag"",""Accessories"":{""Sunglasses"":true},""Footwear"":""CantSee"",""Emotion"":""Sad"",""ClothingStyle2"":""Daily""}"